transaction_id,department,contract_value,supplier,contract_duration,bidding_process,num_bidders,winning_bid_ratio,previous_contracts,officer_tenure,is_fraud
tx-0,health,10000,supplierA,12,open,3,0.8,0,1,True
tx-1,education,10100,supplierB,13,restricted,4,0.802,1,2,False
tx-2,transport,10200,supplierC,14,direct,5,0.804,2,3,False
tx-3,defense,10300,supplierD,15,negotiated,6,0.806,3,4,False
tx-4,infrastructure,10400,supplierE,16,open,7,0.808,4,5,False
tx-5,health,10500,supplierA,17,restricted,3,0.81,5,6,False
tx-6,education,10600,supplierB,18,direct,4,0.812,6,7,False
tx-7,transport,10700,supplierC,19,negotiated,5,0.8140000000000001,7,8,False
tx-8,defense,10800,supplierD,20,open,6,0.8160000000000001,8,9,False
tx-9,infrastructure,10900,supplierE,21,restricted,7,0.8180000000000001,9,10,False
tx-10,health,11000,supplierA,22,direct,3,0.8200000000000001,0,11,False
tx-11,education,11100,supplierB,23,negotiated,4,0.8220000000000001,1,12,False
tx-12,transport,11200,supplierC,24,open,5,0.8240000000000001,2,13,False
tx-13,defense,11300,supplierD,25,restricted,6,0.8260000000000001,3,14,False
tx-14,infrastructure,11400,supplierE,26,direct,7,0.8280000000000001,4,15,False
tx-15,health,11500,supplierA,27,negotiated,3,0.8300000000000001,5,16,False
tx-16,education,11600,supplierB,28,open,4,0.8320000000000001,6,17,False
tx-17,transport,11700,supplierC,29,restricted,5,0.8340000000000001,7,18,False
tx-18,defense,11800,supplierD,30,direct,6,0.8360000000000001,8,19,False
tx-19,infrastructure,11900,supplierE,31,negotiated,7,0.8380000000000001,9,20,False
tx-20,health,12000,supplierA,32,open,3,0.8400000000000001,0,1,True
tx-21,education,12100,supplierB,33,restricted,4,0.8420000000000001,1,2,False
tx-22,transport,12200,supplierC,34,direct,5,0.8440000000000001,2,3,False
tx-23,defense,12300,supplierD,35,negotiated,6,0.8460000000000001,3,4,False
tx-24,infrastructure,12400,supplierE,12,open,7,0.8480000000000001,4,5,False
tx-25,health,12500,supplierA,13,restricted,3,0.8500000000000001,5,6,False
tx-26,education,12600,supplierB,14,direct,4,0.8520000000000001,6,7,False
tx-27,transport,12700,supplierC,15,negotiated,5,0.8540000000000001,7,8,False
tx-28,defense,12800,supplierD,16,open,6,0.8560000000000001,8,9,False
tx-29,infrastructure,12900,supplierE,17,restricted,7,0.8580000000000001,9,10,False
tx-30,health,13000,supplierA,18,direct,3,0.8600000000000001,0,11,False
tx-31,education,13100,supplierB,19,negotiated,4,0.8620000000000001,1,12,False
tx-32,transport,13200,supplierC,20,open,5,0.8640000000000001,2,13,False
tx-33,defense,13300,supplierD,21,restricted,6,0.8660000000000001,3,14,False
tx-34,infrastructure,13400,supplierE,22,direct,7,0.8680000000000001,4,15,False
tx-35,health,13500,supplierA,23,negotiated,3,0.8700000000000001,5,16,False
tx-36,education,13600,supplierB,24,open,4,0.8720000000000001,6,17,False
tx-37,transport,13700,supplierC,25,restricted,5,0.874,7,18,False
tx-38,defense,13800,supplierD,26,direct,6,0.876,8,19,False
tx-39,infrastructure,13900,supplierE,27,negotiated,7,0.878,9,20,False
tx-40,health,14000,supplierA,28,open,3,0.88,0,1,True
tx-41,education,14100,supplierB,29,restricted,4,0.882,1,2,False
tx-42,transport,14200,supplierC,30,direct,5,0.884,2,3,False
tx-43,defense,14300,supplierD,31,negotiated,6,0.886,3,4,False
tx-44,infrastructure,14400,supplierE,32,open,7,0.888,4,5,False
tx-45,health,14500,supplierA,33,restricted,3,0.89,5,6,False
tx-46,education,14600,supplierB,34,direct,4,0.892,6,7,False
tx-47,transport,14700,supplierC,35,negotiated,5,0.894,7,8,False
tx-48,defense,14800,supplierD,12,open,6,0.896,8,9,False
tx-49,infrastructure,14900,supplierE,13,restricted,7,0.898,9,10,False
tx-50,health,15000,supplierA,14,direct,3,0.9,0,11,False
tx-51,education,15100,supplierB,15,negotiated,4,0.902,1,12,False
tx-52,transport,15200,supplierC,16,open,5,0.904,2,13,False
tx-53,defense,15300,supplierD,17,restricted,6,0.906,3,14,False
tx-54,infrastructure,15400,supplierE,18,direct,7,0.908,4,15,False
tx-55,health,15500,supplierA,19,negotiated,3,0.91,5,16,False
tx-56,education,15600,supplierB,20,open,4,0.912,6,17,False
tx-57,transport,15700,supplierC,21,restricted,5,0.914,7,18,False
tx-58,defense,15800,supplierD,22,direct,6,0.916,8,19,False
tx-59,infrastructure,15900,supplierE,23,negotiated,7,0.918,9,20,False
tx-60,health,16000,supplierA,24,open,3,0.92,0,1,True
tx-61,education,16100,supplierB,25,restricted,4,0.922,1,2,False
tx-62,transport,16200,supplierC,26,direct,5,0.924,2,3,False
tx-63,defense,16300,supplierD,27,negotiated,6,0.926,3,4,False
tx-64,infrastructure,16400,supplierE,28,open,7,0.928,4,5,False
tx-65,health,16500,supplierA,29,restricted,3,0.93,5,6,False
tx-66,education,16600,supplierB,30,direct,4,0.932,6,7,False
tx-67,transport,16700,supplierC,31,negotiated,5,0.934,7,8,False
tx-68,defense,16800,supplierD,32,open,6,0.936,8,9,False
tx-69,infrastructure,16900,supplierE,33,restricted,7,0.9380000000000001,9,10,False
tx-70,health,17000,supplierA,34,direct,3,0.9400000000000001,0,11,False
tx-71,education,17100,supplierB,35,negotiated,4,0.9420000000000001,1,12,False
tx-72,transport,17200,supplierC,12,open,5,0.9440000000000001,2,13,False
tx-73,defense,17300,supplierD,13,restricted,6,0.9460000000000001,3,14,False
tx-74,infrastructure,17400,supplierE,14,direct,7,0.9480000000000001,4,15,False
tx-75,health,17500,supplierA,15,negotiated,3,0.9500000000000001,5,16,False
tx-76,education,17600,supplierB,16,open,4,0.9520000000000001,6,17,False
tx-77,transport,17700,supplierC,17,restricted,5,0.9540000000000001,7,18,False
tx-78,defense,17800,supplierD,18,direct,6,0.9560000000000001,8,19,False
tx-79,infrastructure,17900,supplierE,19,negotiated,7,0.9580000000000001,9,20,False
tx-80,health,18000,supplierA,20,open,3,0.9600000000000001,0,1,True
tx-81,education,18100,supplierB,21,restricted,4,0.9620000000000001,1,2,False
tx-82,transport,18200,supplierC,22,direct,5,0.9640000000000001,2,3,False
tx-83,defense,18300,supplierD,23,negotiated,6,0.9660000000000001,3,4,False
tx-84,infrastructure,18400,supplierE,24,open,7,0.9680000000000001,4,5,False
tx-85,health,18500,supplierA,25,restricted,3,0.9700000000000001,5,6,False
tx-86,education,18600,supplierB,26,direct,4,0.9720000000000001,6,7,False
tx-87,transport,18700,supplierC,27,negotiated,5,0.9740000000000001,7,8,False
tx-88,defense,18800,supplierD,28,open,6,0.976,8,9,False
tx-89,infrastructure,18900,supplierE,29,restricted,7,0.978,9,10,False
tx-90,health,19000,supplierA,30,direct,3,0.98,0,11,False
tx-91,education,19100,supplierB,31,negotiated,4,0.982,1,12,False
tx-92,transport,19200,supplierC,32,open,5,0.984,2,13,False
tx-93,defense,19300,supplierD,33,restricted,6,0.986,3,14,False
tx-94,infrastructure,19400,supplierE,34,direct,7,0.988,4,15,False
tx-95,health,19500,supplierA,35,negotiated,3,0.99,5,16,False
tx-96,education,19600,supplierB,12,open,4,0.992,6,17,False
tx-97,transport,19700,supplierC,13,restricted,5,0.994,7,18,False
tx-98,defense,19800,supplierD,14,direct,6,0.996,8,19,False
tx-99,infrastructure,19900,supplierE,15,negotiated,7,0.998,9,20,False
tx-100,health,20000,supplierA,16,open,3,1.0,0,1,True
tx-101,education,20100,supplierB,17,restricted,4,1.002,1,2,False
tx-102,transport,20200,supplierC,18,direct,5,1.004,2,3,False
tx-103,defense,20300,supplierD,19,negotiated,6,1.006,3,4,False
tx-104,infrastructure,20400,supplierE,20,open,7,1.008,4,5,False
tx-105,health,20500,supplierA,21,restricted,3,1.01,5,6,False
tx-106,education,20600,supplierB,22,direct,4,1.012,6,7,False
tx-107,transport,20700,supplierC,23,negotiated,5,1.014,7,8,False
tx-108,defense,20800,supplierD,24,open,6,1.016,8,9,False
tx-109,infrastructure,20900,supplierE,25,restricted,7,1.018,9,10,False
tx-110,health,21000,supplierA,26,direct,3,1.02,0,11,False
tx-111,education,21100,supplierB,27,negotiated,4,1.022,1,12,False
tx-112,transport,21200,supplierC,28,open,5,1.024,2,13,False
tx-113,defense,21300,supplierD,29,restricted,6,1.026,3,14,False
tx-114,infrastructure,21400,supplierE,30,direct,7,1.028,4,15,False
tx-115,health,21500,supplierA,31,negotiated,3,1.03,5,16,False
tx-116,education,21600,supplierB,32,open,4,1.032,6,17,False
tx-117,transport,21700,supplierC,33,restricted,5,1.034,7,18,False
tx-118,defense,21800,supplierD,34,direct,6,1.036,8,19,False
tx-119,infrastructure,21900,supplierE,35,negotiated,7,1.038,9,20,False
tx-120,health,22000,supplierA,12,open,3,1.04,0,1,True
tx-121,education,22100,supplierB,13,restricted,4,1.042,1,2,False
tx-122,transport,22200,supplierC,14,direct,5,1.044,2,3,False
tx-123,defense,22300,supplierD,15,negotiated,6,1.046,3,4,False
tx-124,infrastructure,22400,supplierE,16,open,7,1.048,4,5,False
tx-125,health,22500,supplierA,17,restricted,3,1.05,5,6,False
tx-126,education,22600,supplierB,18,direct,4,1.052,6,7,False
tx-127,transport,22700,supplierC,19,negotiated,5,1.054,7,8,False
tx-128,defense,22800,supplierD,20,open,6,1.056,8,9,False
tx-129,infrastructure,22900,supplierE,21,restricted,7,1.058,9,10,False
tx-130,health,23000,supplierA,22,direct,3,1.06,0,11,False
tx-131,education,23100,supplierB,23,negotiated,4,1.062,1,12,False
tx-132,transport,23200,supplierC,24,open,5,1.064,2,13,False
tx-133,defense,23300,supplierD,25,restricted,6,1.066,3,14,False
tx-134,infrastructure,23400,supplierE,26,direct,7,1.068,4,15,False
tx-135,health,23500,supplierA,27,negotiated,3,1.07,5,16,False
tx-136,education,23600,supplierB,28,open,4,1.072,6,17,False
tx-137,transport,23700,supplierC,29,restricted,5,1.074,7,18,False
tx-138,defense,23800,supplierD,30,direct,6,1.076,8,19,False
tx-139,infrastructure,23900,supplierE,31,negotiated,7,1.078,9,20,False
tx-140,health,24000,supplierA,32,open,3,1.08,0,1,True
tx-141,education,24100,supplierB,33,restricted,4,1.082,1,2,False
tx-142,transport,24200,supplierC,34,direct,5,1.084,2,3,False
tx-143,defense,24300,supplierD,35,negotiated,6,1.086,3,4,False
tx-144,infrastructure,24400,supplierE,12,open,7,1.088,4,5,False
tx-145,health,24500,supplierA,13,restricted,3,1.09,5,6,False
tx-146,education,24600,supplierB,14,direct,4,1.092,6,7,False
tx-147,transport,24700,supplierC,15,negotiated,5,1.094,7,8,False
tx-148,defense,24800,supplierD,16,open,6,1.096,8,9,False
tx-149,infrastructure,24900,supplierE,17,restricted,7,1.098,9,10,False
tx-150,health,25000,supplierA,18,direct,3,1.1,0,11,False
tx-151,education,25100,supplierB,19,negotiated,4,1.102,1,12,False
tx-152,transport,25200,supplierC,20,open,5,1.104,2,13,False
tx-153,defense,25300,supplierD,21,restricted,6,1.106,3,14,False
tx-154,infrastructure,25400,supplierE,22,direct,7,1.108,4,15,False
tx-155,health,25500,supplierA,23,negotiated,3,1.11,5,16,False
tx-156,education,25600,supplierB,24,open,4,1.112,6,17,False
tx-157,transport,25700,supplierC,25,restricted,5,1.114,7,18,False
tx-158,defense,25800,supplierD,26,direct,6,1.116,8,19,False
tx-159,infrastructure,25900,supplierE,27,negotiated,7,1.118,9,20,False
tx-160,health,26000,supplierA,28,open,3,1.12,0,1,True
tx-161,education,26100,supplierB,29,restricted,4,1.122,1,2,False
tx-162,transport,26200,supplierC,30,direct,5,1.124,2,3,False
tx-163,defense,26300,supplierD,31,negotiated,6,1.1260000000000001,3,4,False
tx-164,infrastructure,26400,supplierE,32,open,7,1.1280000000000001,4,5,False
tx-165,health,26500,supplierA,33,restricted,3,1.1300000000000001,5,6,False
tx-166,education,26600,supplierB,34,direct,4,1.1320000000000001,6,7,False
tx-167,transport,26700,supplierC,35,negotiated,5,1.1340000000000001,7,8,False
tx-168,defense,26800,supplierD,12,open,6,1.1360000000000001,8,9,False
tx-169,infrastructure,26900,supplierE,13,restricted,7,1.1380000000000001,9,10,False
tx-170,health,27000,supplierA,14,direct,3,1.1400000000000001,0,11,False
tx-171,education,27100,supplierB,15,negotiated,4,1.1420000000000001,1,12,False
tx-172,transport,27200,supplierC,16,open,5,1.1440000000000001,2,13,False
tx-173,defense,27300,supplierD,17,restricted,6,1.1460000000000001,3,14,False
tx-174,infrastructure,27400,supplierE,18,direct,7,1.1480000000000001,4,15,False
tx-175,health,27500,supplierA,19,negotiated,3,1.1500000000000001,5,16,False
tx-176,education,27600,supplierB,20,open,4,1.1520000000000001,6,17,False
tx-177,transport,27700,supplierC,21,restricted,5,1.154,7,18,False
tx-178,defense,27800,supplierD,22,direct,6,1.1560000000000001,8,19,False
tx-179,infrastructure,27900,supplierE,23,negotiated,7,1.158,9,20,False
tx-180,health,28000,supplierA,24,open,3,1.1600000000000001,0,1,True
tx-181,education,28100,supplierB,25,restricted,4,1.162,1,2,False
tx-182,transport,28200,supplierC,26,direct,5,1.1640000000000001,2,3,False
tx-183,defense,28300,supplierD,27,negotiated,6,1.166,3,4,False
tx-184,infrastructure,28400,supplierE,28,open,7,1.1680000000000001,4,5,False
tx-185,health,28500,supplierA,29,restricted,3,1.17,5,6,False
tx-186,education,28600,supplierB,30,direct,4,1.1720000000000002,6,7,False
tx-187,transport,28700,supplierC,31,negotiated,5,1.174,7,8,False
tx-188,defense,28800,supplierD,32,open,6,1.1760000000000002,8,9,False
tx-189,infrastructure,28900,supplierE,33,restricted,7,1.178,9,10,False
tx-190,health,29000,supplierA,34,direct,3,1.1800000000000002,0,11,False
tx-191,education,29100,supplierB,35,negotiated,4,1.182,1,12,False
tx-192,transport,29200,supplierC,12,open,5,1.1840000000000002,2,13,False
tx-193,defense,29300,supplierD,13,restricted,6,1.186,3,14,False
tx-194,infrastructure,29400,supplierE,14,direct,7,1.1880000000000002,4,15,False
tx-195,health,29500,supplierA,15,negotiated,3,1.19,5,16,False
tx-196,education,29600,supplierB,16,open,4,1.1920000000000002,6,17,False
tx-197,transport,29700,supplierC,17,restricted,5,1.194,7,18,False
tx-198,defense,29800,supplierD,18,direct,6,1.1960000000000002,8,19,False
tx-199,infrastructure,29900,supplierE,19,negotiated,7,1.198,9,20,False
tx-200,health,30000,supplierA,20,open,3,0.8,0,1,True
tx-201,education,30100,supplierB,21,restricted,4,0.802,1,2,False
tx-202,transport,30200,supplierC,22,direct,5,0.804,2,3,False
tx-203,defense,30300,supplierD,23,negotiated,6,0.806,3,4,False
tx-204,infrastructure,30400,supplierE,24,open,7,0.808,4,5,False
tx-205,health,30500,supplierA,25,restricted,3,0.81,5,6,False
tx-206,education,30600,supplierB,26,direct,4,0.812,6,7,False
tx-207,transport,30700,supplierC,27,negotiated,5,0.8140000000000001,7,8,False
tx-208,defense,30800,supplierD,28,open,6,0.8160000000000001,8,9,False
tx-209,infrastructure,30900,supplierE,29,restricted,7,0.8180000000000001,9,10,False
tx-210,health,31000,supplierA,30,direct,3,0.8200000000000001,0,11,False
tx-211,education,31100,supplierB,31,negotiated,4,0.8220000000000001,1,12,False
tx-212,transport,31200,supplierC,32,open,5,0.8240000000000001,2,13,False
tx-213,defense,31300,supplierD,33,restricted,6,0.8260000000000001,3,14,False
tx-214,infrastructure,31400,supplierE,34,direct,7,0.8280000000000001,4,15,False
tx-215,health,31500,supplierA,35,negotiated,3,0.8300000000000001,5,16,False
tx-216,education,31600,supplierB,12,open,4,0.8320000000000001,6,17,False
tx-217,transport,31700,supplierC,13,restricted,5,0.8340000000000001,7,18,False
tx-218,defense,31800,supplierD,14,direct,6,0.8360000000000001,8,19,False
tx-219,infrastructure,31900,supplierE,15,negotiated,7,0.8380000000000001,9,20,False
tx-220,health,32000,supplierA,16,open,3,0.8400000000000001,0,1,True
tx-221,education,32100,supplierB,17,restricted,4,0.8420000000000001,1,2,False
tx-222,transport,32200,supplierC,18,direct,5,0.8440000000000001,2,3,False
tx-223,defense,32300,supplierD,19,negotiated,6,0.8460000000000001,3,4,False
tx-224,infrastructure,32400,supplierE,20,open,7,0.8480000000000001,4,5,False
tx-225,health,32500,supplierA,21,restricted,3,0.8500000000000001,5,6,False
tx-226,education,32600,supplierB,22,direct,4,0.8520000000000001,6,7,False
tx-227,transport,32700,supplierC,23,negotiated,5,0.8540000000000001,7,8,False
tx-228,defense,32800,supplierD,24,open,6,0.8560000000000001,8,9,False
tx-229,infrastructure,32900,supplierE,25,restricted,7,0.8580000000000001,9,10,False
tx-230,health,33000,supplierA,26,direct,3,0.8600000000000001,0,11,False
tx-231,education,33100,supplierB,27,negotiated,4,0.8620000000000001,1,12,False
tx-232,transport,33200,supplierC,28,open,5,0.8640000000000001,2,13,False
tx-233,defense,33300,supplierD,29,restricted,6,0.8660000000000001,3,14,False
tx-234,infrastructure,33400,supplierE,30,direct,7,0.8680000000000001,4,15,False
tx-235,health,33500,supplierA,31,negotiated,3,0.8700000000000001,5,16,False
tx-236,education,33600,supplierB,32,open,4,0.8720000000000001,6,17,False
tx-237,transport,33700,supplierC,33,restricted,5,0.8740000000000001,7,18,False
tx-238,defense,33800,supplierD,34,direct,6,0.8760000000000001,8,19,False
tx-239,infrastructure,33900,supplierE,35,negotiated,7,0.8780000000000001,9,20,False
tx-240,health,34000,supplierA,12,open,3,0.88,0,1,True
tx-241,education,34100,supplierB,13,restricted,4,0.882,1,2,False
tx-242,transport,34200,supplierC,14,direct,5,0.884,2,3,False
tx-243,defense,34300,supplierD,15,negotiated,6,0.886,3,4,False
tx-244,infrastructure,34400,supplierE,16,open,7,0.888,4,5,False
tx-245,health,34500,supplierA,17,restricted,3,0.89,5,6,False
tx-246,education,34600,supplierB,18,direct,4,0.892,6,7,False
tx-247,transport,34700,supplierC,19,negotiated,5,0.894,7,8,False
tx-248,defense,34800,supplierD,20,open,6,0.896,8,9,False
tx-249,infrastructure,34900,supplierE,21,restricted,7,0.898,9,10,False
tx-250,health,35000,supplierA,22,direct,3,0.9,0,11,False
tx-251,education,35100,supplierB,23,negotiated,4,0.902,1,12,False
tx-252,transport,35200,supplierC,24,open,5,0.904,2,13,False
tx-253,defense,35300,supplierD,25,restricted,6,0.906,3,14,False
tx-254,infrastructure,35400,supplierE,26,direct,7,0.908,4,15,False
tx-255,health,35500,supplierA,27,negotiated,3,0.91,5,16,False
tx-256,education,35600,supplierB,28,open,4,0.912,6,17,False
tx-257,transport,35700,supplierC,29,restricted,5,0.914,7,18,False
tx-258,defense,35800,supplierD,30,direct,6,0.916,8,19,False
tx-259,infrastructure,35900,supplierE,31,negotiated,7,0.918,9,20,False
tx-260,health,36000,supplierA,32,open,3,0.92,0,1,True
tx-261,education,36100,supplierB,33,restricted,4,0.922,1,2,False
tx-262,transport,36200,supplierC,34,direct,5,0.924,2,3,False
tx-263,defense,36300,supplierD,35,negotiated,6,0.926,3,4,False
tx-264,infrastructure,36400,supplierE,12,open,7,0.928,4,5,False
tx-265,health,36500,supplierA,13,restricted,3,0.93,5,6,False
tx-266,education,36600,supplierB,14,direct,4,0.932,6,7,False
tx-267,transport,36700,supplierC,15,negotiated,5,0.934,7,8,False
tx-268,defense,36800,supplierD,16,open,6,0.936,8,9,False
tx-269,infrastructure,36900,supplierE,17,restricted,7,0.9380000000000001,9,10,False
tx-270,health,37000,supplierA,18,direct,3,0.9400000000000001,0,11,False
tx-271,education,37100,supplierB,19,negotiated,4,0.9420000000000001,1,12,False
tx-272,transport,37200,supplierC,20,open,5,0.9440000000000001,2,13,False
tx-273,defense,37300,supplierD,21,restricted,6,0.9460000000000001,3,14,False
tx-274,infrastructure,37400,supplierE,22,direct,7,0.9480000000000001,4,15,False
tx-275,health,37500,supplierA,23,negotiated,3,0.9500000000000001,5,16,False
tx-276,education,37600,supplierB,24,open,4,0.9520000000000001,6,17,False
tx-277,transport,37700,supplierC,25,restricted,5,0.9540000000000001,7,18,False
tx-278,defense,37800,supplierD,26,direct,6,0.9560000000000001,8,19,False
tx-279,infrastructure,37900,supplierE,27,negotiated,7,0.9580000000000001,9,20,False
tx-280,health,38000,supplierA,28,open,3,0.9600000000000001,0,1,True
tx-281,education,38100,supplierB,29,restricted,4,0.9620000000000001,1,2,False
tx-282,transport,38200,supplierC,30,direct,5,0.9640000000000001,2,3,False
tx-283,defense,38300,supplierD,31,negotiated,6,0.9660000000000001,3,4,False
tx-284,infrastructure,38400,supplierE,32,open,7,0.9680000000000001,4,5,False
tx-285,health,38500,supplierA,33,restricted,3,0.9700000000000001,5,6,False
tx-286,education,38600,supplierB,34,direct,4,0.9720000000000001,6,7,False
tx-287,transport,38700,supplierC,35,negotiated,5,0.9740000000000001,7,8,False
tx-288,defense,38800,supplierD,12,open,6,0.9760000000000001,8,9,False
tx-289,infrastructure,38900,supplierE,13,restricted,7,0.978,9,10,False
tx-290,health,39000,supplierA,14,direct,3,0.98,0,11,False
tx-291,education,39100,supplierB,15,negotiated,4,0.982,1,12,False
tx-292,transport,39200,supplierC,16,open,5,0.984,2,13,False
tx-293,defense,39300,supplierD,17,restricted,6,0.986,3,14,False
tx-294,infrastructure,39400,supplierE,18,direct,7,0.988,4,15,False
tx-295,health,39500,supplierA,19,negotiated,3,0.99,5,16,False
tx-296,education,39600,supplierB,20,open,4,0.992,6,17,False
tx-297,transport,39700,supplierC,21,restricted,5,0.994,7,18,False
tx-298,defense,39800,supplierD,22,direct,6,0.996,8,19,False
tx-299,infrastructure,39900,supplierE,23,negotiated,7,0.998,9,20,False
tx-300,health,40000,supplierA,24,open,3,1.0,0,1,True
tx-301,education,40100,supplierB,25,restricted,4,1.002,1,2,False
tx-302,transport,40200,supplierC,26,direct,5,1.004,2,3,False
tx-303,defense,40300,supplierD,27,negotiated,6,1.006,3,4,False
tx-304,infrastructure,40400,supplierE,28,open,7,1.008,4,5,False
tx-305,health,40500,supplierA,29,restricted,3,1.01,5,6,False
tx-306,education,40600,supplierB,30,direct,4,1.012,6,7,False
tx-307,transport,40700,supplierC,31,negotiated,5,1.014,7,8,False
tx-308,defense,40800,supplierD,32,open,6,1.016,8,9,False
tx-309,infrastructure,40900,supplierE,33,restricted,7,1.018,9,10,False
tx-310,health,41000,supplierA,34,direct,3,1.02,0,11,False
tx-311,education,41100,supplierB,35,negotiated,4,1.022,1,12,False
tx-312,transport,41200,supplierC,12,open,5,1.024,2,13,False
tx-313,defense,41300,supplierD,13,restricted,6,1.026,3,14,False
tx-314,infrastructure,41400,supplierE,14,direct,7,1.028,4,15,False
tx-315,health,41500,supplierA,15,negotiated,3,1.03,5,16,False
tx-316,education,41600,supplierB,16,open,4,1.032,6,17,False
tx-317,transport,41700,supplierC,17,restricted,5,1.034,7,18,False
tx-318,defense,41800,supplierD,18,direct,6,1.036,8,19,False
tx-319,infrastructure,41900,supplierE,19,negotiated,7,1.038,9,20,False
tx-320,health,42000,supplierA,20,open,3,1.04,0,1,True
tx-321,education,42100,supplierB,21,restricted,4,1.042,1,2,False
tx-322,transport,42200,supplierC,22,direct,5,1.044,2,3,False
tx-323,defense,42300,supplierD,23,negotiated,6,1.046,3,4,False
tx-324,infrastructure,42400,supplierE,24,open,7,1.048,4,5,False
tx-325,health,42500,supplierA,25,restricted,3,1.05,5,6,False
tx-326,education,42600,supplierB,26,direct,4,1.052,6,7,False
tx-327,transport,42700,supplierC,27,negotiated,5,1.054,7,8,False
tx-328,defense,42800,supplierD,28,open,6,1.056,8,9,False
tx-329,infrastructure,42900,supplierE,29,restricted,7,1.058,9,10,False
tx-330,health,43000,supplierA,30,direct,3,1.06,0,11,False
tx-331,education,43100,supplierB,31,negotiated,4,1.062,1,12,False
tx-332,transport,43200,supplierC,32,open,5,1.064,2,13,False
tx-333,defense,43300,supplierD,33,restricted,6,1.066,3,14,False
tx-334,infrastructure,43400,supplierE,34,direct,7,1.068,4,15,False
tx-335,health,43500,supplierA,35,negotiated,3,1.07,5,16,False
tx-336,education,43600,supplierB,12,open,4,1.072,6,17,False
tx-337,transport,43700,supplierC,13,restricted,5,1.074,7,18,False
tx-338,defense,43800,supplierD,14,direct,6,1.076,8,19,False
tx-339,infrastructure,43900,supplierE,15,negotiated,7,1.078,9,20,False
tx-340,health,44000,supplierA,16,open,3,1.08,0,1,True
tx-341,education,44100,supplierB,17,restricted,4,1.082,1,2,False
tx-342,transport,44200,supplierC,18,direct,5,1.084,2,3,False
tx-343,defense,44300,supplierD,19,negotiated,6,1.086,3,4,False
tx-344,infrastructure,44400,supplierE,20,open,7,1.088,4,5,False
tx-345,health,44500,supplierA,21,restricted,3,1.09,5,6,False
tx-346,education,44600,supplierB,22,direct,4,1.092,6,7,False
tx-347,transport,44700,supplierC,23,negotiated,5,1.094,7,8,False
tx-348,defense,44800,supplierD,24,open,6,1.096,8,9,False
tx-349,infrastructure,44900,supplierE,25,restricted,7,1.098,9,10,False
tx-350,health,45000,supplierA,26,direct,3,1.1,0,11,False
tx-351,education,45100,supplierB,27,negotiated,4,1.102,1,12,False
tx-352,transport,45200,supplierC,28,open,5,1.104,2,13,False
tx-353,defense,45300,supplierD,29,restricted,6,1.1059999999999999,3,14,False
tx-354,infrastructure,45400,supplierE,30,direct,7,1.108,4,15,False
tx-355,health,45500,supplierA,31,negotiated,3,1.1099999999999999,5,16,False
tx-356,education,45600,supplierB,32,open,4,1.112,6,17,False
tx-357,transport,45700,supplierC,33,restricted,5,1.1139999999999999,7,18,False
tx-358,defense,45800,supplierD,34,direct,6,1.116,8,19,False
tx-359,infrastructure,45900,supplierE,35,negotiated,7,1.1179999999999999,9,20,False
tx-360,health,46000,supplierA,12,open,3,1.12,0,1,True
tx-361,education,46100,supplierB,13,restricted,4,1.1219999999999999,1,2,False
tx-362,transport,46200,supplierC,14,direct,5,1.124,2,3,False
tx-363,defense,46300,supplierD,15,negotiated,6,1.126,3,4,False
tx-364,infrastructure,46400,supplierE,16,open,7,1.1280000000000001,4,5,False
tx-365,health,46500,supplierA,17,restricted,3,1.13,5,6,False
tx-366,education,46600,supplierB,18,direct,4,1.1320000000000001,6,7,False
tx-367,transport,46700,supplierC,19,negotiated,5,1.134,7,8,False
tx-368,defense,46800,supplierD,20,open,6,1.1360000000000001,8,9,False
tx-369,infrastructure,46900,supplierE,21,restricted,7,1.138,9,10,False
tx-370,health,47000,supplierA,22,direct,3,1.1400000000000001,0,11,False
tx-371,education,47100,supplierB,23,negotiated,4,1.142,1,12,False
tx-372,transport,47200,supplierC,24,open,5,1.1440000000000001,2,13,False
tx-373,defense,47300,supplierD,25,restricted,6,1.146,3,14,False
tx-374,infrastructure,47400,supplierE,26,direct,7,1.1480000000000001,4,15,False
tx-375,health,47500,supplierA,27,negotiated,3,1.15,5,16,False
tx-376,education,47600,supplierB,28,open,4,1.1520000000000001,6,17,False
tx-377,transport,47700,supplierC,29,restricted,5,1.154,7,18,False
tx-378,defense,47800,supplierD,30,direct,6,1.1560000000000001,8,19,False
tx-379,infrastructure,47900,supplierE,31,negotiated,7,1.158,9,20,False
tx-380,health,48000,supplierA,32,open,3,1.1600000000000001,0,1,True
tx-381,education,48100,supplierB,33,restricted,4,1.162,1,2,False
tx-382,transport,48200,supplierC,34,direct,5,1.1640000000000001,2,3,False
tx-383,defense,48300,supplierD,35,negotiated,6,1.166,3,4,False
tx-384,infrastructure,48400,supplierE,12,open,7,1.1680000000000001,4,5,False
tx-385,health,48500,supplierA,13,restricted,3,1.17,5,6,False
tx-386,education,48600,supplierB,14,direct,4,1.1720000000000002,6,7,False
tx-387,transport,48700,supplierC,15,negotiated,5,1.174,7,8,False
tx-388,defense,48800,supplierD,16,open,6,1.1760000000000002,8,9,False
tx-389,infrastructure,48900,supplierE,17,restricted,7,1.178,9,10,False
tx-390,health,49000,supplierA,18,direct,3,1.1800000000000002,0,11,False
tx-391,education,49100,supplierB,19,negotiated,4,1.182,1,12,False
tx-392,transport,49200,supplierC,20,open,5,1.1840000000000002,2,13,False
tx-393,defense,49300,supplierD,21,restricted,6,1.186,3,14,False
tx-394,infrastructure,49400,supplierE,22,direct,7,1.1880000000000002,4,15,False
tx-395,health,49500,supplierA,23,negotiated,3,1.19,5,16,False
tx-396,education,49600,supplierB,24,open,4,1.1920000000000002,6,17,False
tx-397,transport,49700,supplierC,25,restricted,5,1.194,7,18,False
tx-398,defense,49800,supplierD,26,direct,6,1.1960000000000002,8,19,False
tx-399,infrastructure,49900,supplierE,27,negotiated,7,1.198,9,20,False
tx-400,health,50000,supplierA,28,open,3,0.8,0,1,True
tx-401,education,50100,supplierB,29,restricted,4,0.802,1,2,False
tx-402,transport,50200,supplierC,30,direct,5,0.804,2,3,False
tx-403,defense,50300,supplierD,31,negotiated,6,0.806,3,4,False
tx-404,infrastructure,50400,supplierE,32,open,7,0.808,4,5,False
tx-405,health,50500,supplierA,33,restricted,3,0.81,5,6,False
tx-406,education,50600,supplierB,34,direct,4,0.812,6,7,False
tx-407,transport,50700,supplierC,35,negotiated,5,0.8140000000000001,7,8,False
tx-408,defense,50800,supplierD,12,open,6,0.8160000000000001,8,9,False
tx-409,infrastructure,50900,supplierE,13,restricted,7,0.8180000000000001,9,10,False
tx-410,health,51000,supplierA,14,direct,3,0.8200000000000001,0,11,False
tx-411,education,51100,supplierB,15,negotiated,4,0.8220000000000001,1,12,False
tx-412,transport,51200,supplierC,16,open,5,0.8240000000000001,2,13,False
tx-413,defense,51300,supplierD,17,restricted,6,0.8260000000000001,3,14,False
tx-414,infrastructure,51400,supplierE,18,direct,7,0.8280000000000001,4,15,False
tx-415,health,51500,supplierA,19,negotiated,3,0.8300000000000001,5,16,False
tx-416,education,51600,supplierB,20,open,4,0.8320000000000001,6,17,False
tx-417,transport,51700,supplierC,21,restricted,5,0.834,7,18,False
tx-418,defense,51800,supplierD,22,direct,6,0.836,8,19,False
tx-419,infrastructure,51900,supplierE,23,negotiated,7,0.838,9,20,False
tx-420,health,52000,supplierA,24,open,3,0.84,0,1,True
tx-421,education,52100,supplierB,25,restricted,4,0.842,1,2,False
tx-422,transport,52200,supplierC,26,direct,5,0.844,2,3,False
tx-423,defense,52300,supplierD,27,negotiated,6,0.846,3,4,False
tx-424,infrastructure,52400,supplierE,28,open,7,0.848,4,5,False
tx-425,health,52500,supplierA,29,restricted,3,0.85,5,6,False
tx-426,education,52600,supplierB,30,direct,4,0.852,6,7,False
tx-427,transport,52700,supplierC,31,negotiated,5,0.854,7,8,False
tx-428,defense,52800,supplierD,32,open,6,0.856,8,9,False
tx-429,infrastructure,52900,supplierE,33,restricted,7,0.858,9,10,False
tx-430,health,53000,supplierA,34,direct,3,0.86,0,11,False
tx-431,education,53100,supplierB,35,negotiated,4,0.862,1,12,False
tx-432,transport,53200,supplierC,12,open,5,0.864,2,13,False
tx-433,defense,53300,supplierD,13,restricted,6,0.866,3,14,False
tx-434,infrastructure,53400,supplierE,14,direct,7,0.868,4,15,False
tx-435,health,53500,supplierA,15,negotiated,3,0.87,5,16,False
tx-436,education,53600,supplierB,16,open,4,0.872,6,17,False
tx-437,transport,53700,supplierC,17,restricted,5,0.874,7,18,False
tx-438,defense,53800,supplierD,18,direct,6,0.876,8,19,False
tx-439,infrastructure,53900,supplierE,19,negotiated,7,0.878,9,20,False
tx-440,health,54000,supplierA,20,open,3,0.88,0,1,True
tx-441,education,54100,supplierB,21,restricted,4,0.882,1,2,False
tx-442,transport,54200,supplierC,22,direct,5,0.884,2,3,False
tx-443,defense,54300,supplierD,23,negotiated,6,0.886,3,4,False
tx-444,infrastructure,54400,supplierE,24,open,7,0.888,4,5,False
tx-445,health,54500,supplierA,25,restricted,3,0.89,5,6,False
tx-446,education,54600,supplierB,26,direct,4,0.892,6,7,False
tx-447,transport,54700,supplierC,27,negotiated,5,0.894,7,8,False
tx-448,defense,54800,supplierD,28,open,6,0.896,8,9,False
tx-449,infrastructure,54900,supplierE,29,restricted,7,0.898,9,10,False
tx-450,health,55000,supplierA,30,direct,3,0.9,0,11,False
tx-451,education,55100,supplierB,31,negotiated,4,0.902,1,12,False
tx-452,transport,55200,supplierC,32,open,5,0.904,2,13,False
tx-453,defense,55300,supplierD,33,restricted,6,0.906,3,14,False
tx-454,infrastructure,55400,supplierE,34,direct,7,0.908,4,15,False
tx-455,health,55500,supplierA,35,negotiated,3,0.91,5,16,False
tx-456,education,55600,supplierB,12,open,4,0.912,6,17,False
tx-457,transport,55700,supplierC,13,restricted,5,0.914,7,18,False
tx-458,defense,55800,supplierD,14,direct,6,0.916,8,19,False
tx-459,infrastructure,55900,supplierE,15,negotiated,7,0.918,9,20,False
tx-460,health,56000,supplierA,16,open,3,0.92,0,1,True
tx-461,education,56100,supplierB,17,restricted,4,0.922,1,2,False
tx-462,transport,56200,supplierC,18,direct,5,0.924,2,3,False
tx-463,defense,56300,supplierD,19,negotiated,6,0.926,3,4,False
tx-464,infrastructure,56400,supplierE,20,open,7,0.928,4,5,False
tx-465,health,56500,supplierA,21,restricted,3,0.93,5,6,False
tx-466,education,56600,supplierB,22,direct,4,0.932,6,7,False
tx-467,transport,56700,supplierC,23,negotiated,5,0.934,7,8,False
tx-468,defense,56800,supplierD,24,open,6,0.936,8,9,False
tx-469,infrastructure,56900,supplierE,25,restricted,7,0.9380000000000001,9,10,False
tx-470,health,57000,supplierA,26,direct,3,0.9400000000000001,0,11,False
tx-471,education,57100,supplierB,27,negotiated,4,0.9420000000000001,1,12,False
tx-472,transport,57200,supplierC,28,open,5,0.9440000000000001,2,13,False
tx-473,defense,57300,supplierD,29,restricted,6,0.9460000000000001,3,14,False
tx-474,infrastructure,57400,supplierE,30,direct,7,0.9480000000000001,4,15,False
tx-475,health,57500,supplierA,31,negotiated,3,0.9500000000000001,5,16,False
tx-476,education,57600,supplierB,32,open,4,0.9520000000000001,6,17,False
tx-477,transport,57700,supplierC,33,restricted,5,0.9540000000000001,7,18,False
tx-478,defense,57800,supplierD,34,direct,6,0.9560000000000001,8,19,False
tx-479,infrastructure,57900,supplierE,35,negotiated,7,0.9580000000000001,9,20,False
tx-480,health,58000,supplierA,12,open,3,0.96,0,1,True
tx-481,education,58100,supplierB,13,restricted,4,0.962,1,2,False
tx-482,transport,58200,supplierC,14,direct,5,0.964,2,3,False
tx-483,defense,58300,supplierD,15,negotiated,6,0.966,3,4,False
tx-484,infrastructure,58400,supplierE,16,open,7,0.968,4,5,False
tx-485,health,58500,supplierA,17,restricted,3,0.97,5,6,False
tx-486,education,58600,supplierB,18,direct,4,0.972,6,7,False
tx-487,transport,58700,supplierC,19,negotiated,5,0.974,7,8,False
tx-488,defense,58800,supplierD,20,open,6,0.976,8,9,False
tx-489,infrastructure,58900,supplierE,21,restricted,7,0.978,9,10,False
tx-490,health,59000,supplierA,22,direct,3,0.98,0,11,False
tx-491,education,59100,supplierB,23,negotiated,4,0.982,1,12,False
tx-492,transport,59200,supplierC,24,open,5,0.984,2,13,False
tx-493,defense,59300,supplierD,25,restricted,6,0.986,3,14,False
tx-494,infrastructure,59400,supplierE,26,direct,7,0.988,4,15,False
tx-495,health,59500,supplierA,27,negotiated,3,0.99,5,16,False
tx-496,education,59600,supplierB,28,open,4,0.992,6,17,False
tx-497,transport,59700,supplierC,29,restricted,5,0.994,7,18,False
tx-498,defense,59800,supplierD,30,direct,6,0.996,8,19,False
tx-499,infrastructure,59900,supplierE,31,negotiated,7,0.998,9,20,False
tx-500,health,60000,supplierA,32,open,3,1.0,0,1,True
tx-501,education,60100,supplierB,33,restricted,4,1.002,1,2,False
tx-502,transport,60200,supplierC,34,direct,5,1.004,2,3,False
tx-503,defense,60300,supplierD,35,negotiated,6,1.006,3,4,False
tx-504,infrastructure,60400,supplierE,12,open,7,1.008,4,5,False
tx-505,health,60500,supplierA,13,restricted,3,1.01,5,6,False
tx-506,education,60600,supplierB,14,direct,4,1.012,6,7,False
tx-507,transport,60700,supplierC,15,negotiated,5,1.014,7,8,False
tx-508,defense,60800,supplierD,16,open,6,1.016,8,9,False
tx-509,infrastructure,60900,supplierE,17,restricted,7,1.018,9,10,False
tx-510,health,61000,supplierA,18,direct,3,1.02,0,11,False
tx-511,education,61100,supplierB,19,negotiated,4,1.022,1,12,False
tx-512,transport,61200,supplierC,20,open,5,1.024,2,13,False
tx-513,defense,61300,supplierD,21,restricted,6,1.026,3,14,False
tx-514,infrastructure,61400,supplierE,22,direct,7,1.028,4,15,False
tx-515,health,61500,supplierA,23,negotiated,3,1.03,5,16,False
tx-516,education,61600,supplierB,24,open,4,1.032,6,17,False
tx-517,transport,61700,supplierC,25,restricted,5,1.034,7,18,False
tx-518,defense,61800,supplierD,26,direct,6,1.036,8,19,False
tx-519,infrastructure,61900,supplierE,27,negotiated,7,1.038,9,20,False
tx-520,health,62000,supplierA,28,open,3,1.04,0,1,True
tx-521,education,62100,supplierB,29,restricted,4,1.042,1,2,False
tx-522,transport,62200,supplierC,30,direct,5,1.044,2,3,False
tx-523,defense,62300,supplierD,31,negotiated,6,1.046,3,4,False
tx-524,infrastructure,62400,supplierE,32,open,7,1.048,4,5,False
tx-525,health,62500,supplierA,33,restricted,3,1.05,5,6,False
tx-526,education,62600,supplierB,34,direct,4,1.052,6,7,False
tx-527,transport,62700,supplierC,35,negotiated,5,1.054,7,8,False
tx-528,defense,62800,supplierD,12,open,6,1.056,8,9,False
tx-529,infrastructure,62900,supplierE,13,restricted,7,1.058,9,10,False
tx-530,health,63000,supplierA,14,direct,3,1.06,0,11,False
tx-531,education,63100,supplierB,15,negotiated,4,1.062,1,12,False
tx-532,transport,63200,supplierC,16,open,5,1.064,2,13,False
tx-533,defense,63300,supplierD,17,restricted,6,1.066,3,14,False
tx-534,infrastructure,63400,supplierE,18,direct,7,1.068,4,15,False
tx-535,health,63500,supplierA,19,negotiated,3,1.07,5,16,False
tx-536,education,63600,supplierB,20,open,4,1.072,6,17,False
tx-537,transport,63700,supplierC,21,restricted,5,1.074,7,18,False
tx-538,defense,63800,supplierD,22,direct,6,1.076,8,19,False
tx-539,infrastructure,63900,supplierE,23,negotiated,7,1.078,9,20,False
tx-540,health,64000,supplierA,24,open,3,1.08,0,1,True
tx-541,education,64100,supplierB,25,restricted,4,1.082,1,2,False
tx-542,transport,64200,supplierC,26,direct,5,1.084,2,3,False
tx-543,defense,64300,supplierD,27,negotiated,6,1.086,3,4,False
tx-544,infrastructure,64400,supplierE,28,open,7,1.088,4,5,False
tx-545,health,64500,supplierA,29,restricted,3,1.09,5,6,False
tx-546,education,64600,supplierB,30,direct,4,1.092,6,7,False
tx-547,transport,64700,supplierC,31,negotiated,5,1.094,7,8,False
tx-548,defense,64800,supplierD,32,open,6,1.096,8,9,False
tx-549,infrastructure,64900,supplierE,33,restricted,7,1.098,9,10,False
tx-550,health,65000,supplierA,34,direct,3,1.1,0,11,False
tx-551,education,65100,supplierB,35,negotiated,4,1.102,1,12,False
tx-552,transport,65200,supplierC,12,open,5,1.104,2,13,False
tx-553,defense,65300,supplierD,13,restricted,6,1.106,3,14,False
tx-554,infrastructure,65400,supplierE,14,direct,7,1.108,4,15,False
tx-555,health,65500,supplierA,15,negotiated,3,1.11,5,16,False
tx-556,education,65600,supplierB,16,open,4,1.112,6,17,False
tx-557,transport,65700,supplierC,17,restricted,5,1.114,7,18,False
tx-558,defense,65800,supplierD,18,direct,6,1.116,8,19,False
tx-559,infrastructure,65900,supplierE,19,negotiated,7,1.118,9,20,False
tx-560,health,66000,supplierA,20,open,3,1.12,0,1,True
tx-561,education,66100,supplierB,21,restricted,4,1.122,1,2,False
tx-562,transport,66200,supplierC,22,direct,5,1.124,2,3,False
tx-563,defense,66300,supplierD,23,negotiated,6,1.1260000000000001,3,4,False
tx-564,infrastructure,66400,supplierE,24,open,7,1.1280000000000001,4,5,False
tx-565,health,66500,supplierA,25,restricted,3,1.1300000000000001,5,6,False
tx-566,education,66600,supplierB,26,direct,4,1.1320000000000001,6,7,False
tx-567,transport,66700,supplierC,27,negotiated,5,1.1340000000000001,7,8,False
tx-568,defense,66800,supplierD,28,open,6,1.1360000000000001,8,9,False
tx-569,infrastructure,66900,supplierE,29,restricted,7,1.1380000000000001,9,10,False
tx-570,health,67000,supplierA,30,direct,3,1.1400000000000001,0,11,False
tx-571,education,67100,supplierB,31,negotiated,4,1.1420000000000001,1,12,False
tx-572,transport,67200,supplierC,32,open,5,1.1440000000000001,2,13,False
tx-573,defense,67300,supplierD,33,restricted,6,1.1460000000000001,3,14,False
tx-574,infrastructure,67400,supplierE,34,direct,7,1.1480000000000001,4,15,False
tx-575,health,67500,supplierA,35,negotiated,3,1.1500000000000001,5,16,False
tx-576,education,67600,supplierB,12,open,4,1.1520000000000001,6,17,False
tx-577,transport,67700,supplierC,13,restricted,5,1.154,7,18,False
tx-578,defense,67800,supplierD,14,direct,6,1.156,8,19,False
tx-579,infrastructure,67900,supplierE,15,negotiated,7,1.158,9,20,False
tx-580,health,68000,supplierA,16,open,3,1.16,0,1,True
tx-581,education,68100,supplierB,17,restricted,4,1.162,1,2,False
tx-582,transport,68200,supplierC,18,direct,5,1.164,2,3,False
tx-583,defense,68300,supplierD,19,negotiated,6,1.166,3,4,False
tx-584,infrastructure,68400,supplierE,20,open,7,1.168,4,5,False
tx-585,health,68500,supplierA,21,restricted,3,1.17,5,6,False
tx-586,education,68600,supplierB,22,direct,4,1.172,6,7,False
tx-587,transport,68700,supplierC,23,negotiated,5,1.174,7,8,False
tx-588,defense,68800,supplierD,24,open,6,1.176,8,9,False
tx-589,infrastructure,68900,supplierE,25,restricted,7,1.178,9,10,False
tx-590,health,69000,supplierA,26,direct,3,1.18,0,11,False
tx-591,education,69100,supplierB,27,negotiated,4,1.182,1,12,False
tx-592,transport,69200,supplierC,28,open,5,1.184,2,13,False
tx-593,defense,69300,supplierD,29,restricted,6,1.186,3,14,False
tx-594,infrastructure,69400,supplierE,30,direct,7,1.188,4,15,False
tx-595,health,69500,supplierA,31,negotiated,3,1.19,5,16,False
tx-596,education,69600,supplierB,32,open,4,1.192,6,17,False
tx-597,transport,69700,supplierC,33,restricted,5,1.194,7,18,False
tx-598,defense,69800,supplierD,34,direct,6,1.196,8,19,False
tx-599,infrastructure,69900,supplierE,35,negotiated,7,1.198,9,20,False
tx-600,health,70000,supplierA,12,open,3,1.2,0,1,True
tx-601,education,70100,supplierB,13,restricted,4,0.8019999999999999,1,2,False
tx-602,transport,70200,supplierC,14,direct,5,0.8039999999999999,2,3,False
tx-603,defense,70300,supplierD,15,negotiated,6,0.8059999999999999,3,4,False
tx-604,infrastructure,70400,supplierE,16,open,7,0.8079999999999999,4,5,False
tx-605,health,70500,supplierA,17,restricted,3,0.8099999999999999,5,6,False
tx-606,education,70600,supplierB,18,direct,4,0.8119999999999999,6,7,False
tx-607,transport,70700,supplierC,19,negotiated,5,0.814,7,8,False
tx-608,defense,70800,supplierD,20,open,6,0.816,8,9,False
tx-609,infrastructure,70900,supplierE,21,restricted,7,0.818,9,10,False
tx-610,health,71000,supplierA,22,direct,3,0.82,0,11,False
tx-611,education,71100,supplierB,23,negotiated,4,0.822,1,12,False
tx-612,transport,71200,supplierC,24,open,5,0.824,2,13,False
tx-613,defense,71300,supplierD,25,restricted,6,0.826,3,14,False
tx-614,infrastructure,71400,supplierE,26,direct,7,0.828,4,15,False
tx-615,health,71500,supplierA,27,negotiated,3,0.83,5,16,False
tx-616,education,71600,supplierB,28,open,4,0.832,6,17,False
tx-617,transport,71700,supplierC,29,restricted,5,0.834,7,18,False
tx-618,defense,71800,supplierD,30,direct,6,0.836,8,19,False
tx-619,infrastructure,71900,supplierE,31,negotiated,7,0.838,9,20,False
tx-620,health,72000,supplierA,32,open,3,0.84,0,1,True
tx-621,education,72100,supplierB,33,restricted,4,0.842,1,2,False
tx-622,transport,72200,supplierC,34,direct,5,0.844,2,3,False
tx-623,defense,72300,supplierD,35,negotiated,6,0.846,3,4,False
tx-624,infrastructure,72400,supplierE,12,open,7,0.848,4,5,False
tx-625,health,72500,supplierA,13,restricted,3,0.85,5,6,False
tx-626,education,72600,supplierB,14,direct,4,0.852,6,7,False
tx-627,transport,72700,supplierC,15,negotiated,5,0.854,7,8,False
tx-628,defense,72800,supplierD,16,open,6,0.856,8,9,False
tx-629,infrastructure,72900,supplierE,17,restricted,7,0.858,9,10,False
tx-630,health,73000,supplierA,18,direct,3,0.86,0,11,False
tx-631,education,73100,supplierB,19,negotiated,4,0.862,1,12,False
tx-632,transport,73200,supplierC,20,open,5,0.864,2,13,False
tx-633,defense,73300,supplierD,21,restricted,6,0.866,3,14,False
tx-634,infrastructure,73400,supplierE,22,direct,7,0.868,4,15,False
tx-635,health,73500,supplierA,23,negotiated,3,0.87,5,16,False
tx-636,education,73600,supplierB,24,open,4,0.872,6,17,False
tx-637,transport,73700,supplierC,25,restricted,5,0.874,7,18,False
tx-638,defense,73800,supplierD,26,direct,6,0.876,8,19,False
tx-639,infrastructure,73900,supplierE,27,negotiated,7,0.878,9,20,False
tx-640,health,74000,supplierA,28,open,3,0.88,0,1,True
tx-641,education,74100,supplierB,29,restricted,4,0.882,1,2,False
tx-642,transport,74200,supplierC,30,direct,5,0.884,2,3,False
tx-643,defense,74300,supplierD,31,negotiated,6,0.886,3,4,False
tx-644,infrastructure,74400,supplierE,32,open,7,0.888,4,5,False
tx-645,health,74500,supplierA,33,restricted,3,0.89,5,6,False
tx-646,education,74600,supplierB,34,direct,4,0.892,6,7,False
tx-647,transport,74700,supplierC,35,negotiated,5,0.894,7,8,False
tx-648,defense,74800,supplierD,12,open,6,0.896,8,9,False
tx-649,infrastructure,74900,supplierE,13,restricted,7,0.898,9,10,False
tx-650,health,75000,supplierA,14,direct,3,0.9,0,11,False
tx-651,education,75100,supplierB,15,negotiated,4,0.902,1,12,False
tx-652,transport,75200,supplierC,16,open,5,0.904,2,13,False
tx-653,defense,75300,supplierD,17,restricted,6,0.906,3,14,False
tx-654,infrastructure,75400,supplierE,18,direct,7,0.908,4,15,False
tx-655,health,75500,supplierA,19,negotiated,3,0.91,5,16,False
tx-656,education,75600,supplierB,20,open,4,0.912,6,17,False
tx-657,transport,75700,supplierC,21,restricted,5,0.914,7,18,False
tx-658,defense,75800,supplierD,22,direct,6,0.916,8,19,False
tx-659,infrastructure,75900,supplierE,23,negotiated,7,0.918,9,20,False
tx-660,health,76000,supplierA,24,open,3,0.92,0,1,True
tx-661,education,76100,supplierB,25,restricted,4,0.922,1,2,False
tx-662,transport,76200,supplierC,26,direct,5,0.924,2,3,False
tx-663,defense,76300,supplierD,27,negotiated,6,0.926,3,4,False
tx-664,infrastructure,76400,supplierE,28,open,7,0.928,4,5,False
tx-665,health,76500,supplierA,29,restricted,3,0.93,5,6,False
tx-666,education,76600,supplierB,30,direct,4,0.932,6,7,False
tx-667,transport,76700,supplierC,31,negotiated,5,0.934,7,8,False
tx-668,defense,76800,supplierD,32,open,6,0.936,8,9,False
tx-669,infrastructure,76900,supplierE,33,restricted,7,0.9380000000000001,9,10,False
tx-670,health,77000,supplierA,34,direct,3,0.9400000000000001,0,11,False
tx-671,education,77100,supplierB,35,negotiated,4,0.9420000000000001,1,12,False
tx-672,transport,77200,supplierC,12,open,5,0.9440000000000001,2,13,False
tx-673,defense,77300,supplierD,13,restricted,6,0.9460000000000001,3,14,False
tx-674,infrastructure,77400,supplierE,14,direct,7,0.9480000000000001,4,15,False
tx-675,health,77500,supplierA,15,negotiated,3,0.9500000000000001,5,16,False
tx-676,education,77600,supplierB,16,open,4,0.9520000000000001,6,17,False
tx-677,transport,77700,supplierC,17,restricted,5,0.9540000000000001,7,18,False
tx-678,defense,77800,supplierD,18,direct,6,0.9560000000000001,8,19,False
tx-679,infrastructure,77900,supplierE,19,negotiated,7,0.9580000000000001,9,20,False
tx-680,health,78000,supplierA,20,open,3,0.9600000000000001,0,1,True
tx-681,education,78100,supplierB,21,restricted,4,0.9620000000000001,1,2,False
tx-682,transport,78200,supplierC,22,direct,5,0.9640000000000001,2,3,False
tx-683,defense,78300,supplierD,23,negotiated,6,0.9660000000000001,3,4,False
tx-684,infrastructure,78400,supplierE,24,open,7,0.9680000000000001,4,5,False
tx-685,health,78500,supplierA,25,restricted,3,0.9700000000000001,5,6,False
tx-686,education,78600,supplierB,26,direct,4,0.9720000000000001,6,7,False
tx-687,transport,78700,supplierC,27,negotiated,5,0.9740000000000001,7,8,False
tx-688,defense,78800,supplierD,28,open,6,0.9760000000000001,8,9,False
tx-689,infrastructure,78900,supplierE,29,restricted,7,0.9780000000000001,9,10,False
tx-690,health,79000,supplierA,30,direct,3,0.9800000000000001,0,11,False
tx-691,education,79100,supplierB,31,negotiated,4,0.9820000000000001,1,12,False
tx-692,transport,79200,supplierC,32,open,5,0.9840000000000001,2,13,False
tx-693,defense,79300,supplierD,33,restricted,6,0.9860000000000001,3,14,False
tx-694,infrastructure,79400,supplierE,34,direct,7,0.9880000000000001,4,15,False
tx-695,health,79500,supplierA,35,negotiated,3,0.9900000000000001,5,16,False
tx-696,education,79600,supplierB,12,open,4,0.9920000000000001,6,17,False
tx-697,transport,79700,supplierC,13,restricted,5,0.9940000000000001,7,18,False
tx-698,defense,79800,supplierD,14,direct,6,0.9960000000000001,8,19,False
tx-699,infrastructure,79900,supplierE,15,negotiated,7,0.9980000000000001,9,20,False
tx-700,health,80000,supplierA,16,open,3,1.0,0,1,True
tx-701,education,80100,supplierB,17,restricted,4,1.0020000000000002,1,2,False
tx-702,transport,80200,supplierC,18,direct,5,1.004,2,3,False
tx-703,defense,80300,supplierD,19,negotiated,6,1.0060000000000002,3,4,False
tx-704,infrastructure,80400,supplierE,20,open,7,1.008,4,5,False
tx-705,health,80500,supplierA,21,restricted,3,1.0099999999999998,5,6,False
tx-706,education,80600,supplierB,22,direct,4,1.012,6,7,False
tx-707,transport,80700,supplierC,23,negotiated,5,1.0139999999999998,7,8,False
tx-708,defense,80800,supplierD,24,open,6,1.016,8,9,False
tx-709,infrastructure,80900,supplierE,25,restricted,7,1.0179999999999998,9,10,False
tx-710,health,81000,supplierA,26,direct,3,1.02,0,11,False
tx-711,education,81100,supplierB,27,negotiated,4,1.0219999999999998,1,12,False
tx-712,transport,81200,supplierC,28,open,5,1.024,2,13,False
tx-713,defense,81300,supplierD,29,restricted,6,1.0259999999999998,3,14,False
tx-714,infrastructure,81400,supplierE,30,direct,7,1.028,4,15,False
tx-715,health,81500,supplierA,31,negotiated,3,1.0299999999999998,5,16,False
tx-716,education,81600,supplierB,32,open,4,1.032,6,17,False
tx-717,transport,81700,supplierC,33,restricted,5,1.0339999999999998,7,18,False
tx-718,defense,81800,supplierD,34,direct,6,1.036,8,19,False
tx-719,infrastructure,81900,supplierE,35,negotiated,7,1.0379999999999998,9,20,False
tx-720,health,82000,supplierA,12,open,3,1.04,0,1,True
tx-721,education,82100,supplierB,13,restricted,4,1.0419999999999998,1,2,False
tx-722,transport,82200,supplierC,14,direct,5,1.044,2,3,False
tx-723,defense,82300,supplierD,15,negotiated,6,1.0459999999999998,3,4,False
tx-724,infrastructure,82400,supplierE,16,open,7,1.048,4,5,False
tx-725,health,82500,supplierA,17,restricted,3,1.0499999999999998,5,6,False
tx-726,education,82600,supplierB,18,direct,4,1.052,6,7,False
tx-727,transport,82700,supplierC,19,negotiated,5,1.0539999999999998,7,8,False
tx-728,defense,82800,supplierD,20,open,6,1.056,8,9,False
tx-729,infrastructure,82900,supplierE,21,restricted,7,1.0579999999999998,9,10,False
tx-730,health,83000,supplierA,22,direct,3,1.06,0,11,False
tx-731,education,83100,supplierB,23,negotiated,4,1.0619999999999998,1,12,False
tx-732,transport,83200,supplierC,24,open,5,1.064,2,13,False
tx-733,defense,83300,supplierD,25,restricted,6,1.0659999999999998,3,14,False
tx-734,infrastructure,83400,supplierE,26,direct,7,1.068,4,15,False
tx-735,health,83500,supplierA,27,negotiated,3,1.0699999999999998,5,16,False
tx-736,education,83600,supplierB,28,open,4,1.072,6,17,False
tx-737,transport,83700,supplierC,29,restricted,5,1.0739999999999998,7,18,False
tx-738,defense,83800,supplierD,30,direct,6,1.076,8,19,False
tx-739,infrastructure,83900,supplierE,31,negotiated,7,1.0779999999999998,9,20,False
tx-740,health,84000,supplierA,32,open,3,1.08,0,1,True
tx-741,education,84100,supplierB,33,restricted,4,1.0819999999999999,1,2,False
tx-742,transport,84200,supplierC,34,direct,5,1.084,2,3,False
tx-743,defense,84300,supplierD,35,negotiated,6,1.0859999999999999,3,4,False
tx-744,infrastructure,84400,supplierE,12,open,7,1.088,4,5,False
tx-745,health,84500,supplierA,13,restricted,3,1.0899999999999999,5,6,False
tx-746,education,84600,supplierB,14,direct,4,1.092,6,7,False
tx-747,transport,84700,supplierC,15,negotiated,5,1.0939999999999999,7,8,False
tx-748,defense,84800,supplierD,16,open,6,1.096,8,9,False
tx-749,infrastructure,84900,supplierE,17,restricted,7,1.0979999999999999,9,10,False
tx-750,health,85000,supplierA,18,direct,3,1.1,0,11,False
tx-751,education,85100,supplierB,19,negotiated,4,1.1019999999999999,1,12,False
tx-752,transport,85200,supplierC,20,open,5,1.104,2,13,False
tx-753,defense,85300,supplierD,21,restricted,6,1.1059999999999999,3,14,False
tx-754,infrastructure,85400,supplierE,22,direct,7,1.108,4,15,False
tx-755,health,85500,supplierA,23,negotiated,3,1.1099999999999999,5,16,False
tx-756,education,85600,supplierB,24,open,4,1.112,6,17,False
tx-757,transport,85700,supplierC,25,restricted,5,1.1139999999999999,7,18,False
tx-758,defense,85800,supplierD,26,direct,6,1.116,8,19,False
tx-759,infrastructure,85900,supplierE,27,negotiated,7,1.1179999999999999,9,20,False
tx-760,health,86000,supplierA,28,open,3,1.12,0,1,True
tx-761,education,86100,supplierB,29,restricted,4,1.1219999999999999,1,2,False
tx-762,transport,86200,supplierC,30,direct,5,1.124,2,3,False
tx-763,defense,86300,supplierD,31,negotiated,6,1.126,3,4,False
tx-764,infrastructure,86400,supplierE,32,open,7,1.1280000000000001,4,5,False
tx-765,health,86500,supplierA,33,restricted,3,1.13,5,6,False
tx-766,education,86600,supplierB,34,direct,4,1.1320000000000001,6,7,False
tx-767,transport,86700,supplierC,35,negotiated,5,1.134,7,8,False
tx-768,defense,86800,supplierD,12,open,6,1.1360000000000001,8,9,False
tx-769,infrastructure,86900,supplierE,13,restricted,7,1.138,9,10,False
tx-770,health,87000,supplierA,14,direct,3,1.1400000000000001,0,11,False
tx-771,education,87100,supplierB,15,negotiated,4,1.142,1,12,False
tx-772,transport,87200,supplierC,16,open,5,1.1440000000000001,2,13,False
tx-773,defense,87300,supplierD,17,restricted,6,1.146,3,14,False
tx-774,infrastructure,87400,supplierE,18,direct,7,1.1480000000000001,4,15,False
tx-775,health,87500,supplierA,19,negotiated,3,1.15,5,16,False
tx-776,education,87600,supplierB,20,open,4,1.1520000000000001,6,17,False
tx-777,transport,87700,supplierC,21,restricted,5,1.154,7,18,False
tx-778,defense,87800,supplierD,22,direct,6,1.1560000000000001,8,19,False
tx-779,infrastructure,87900,supplierE,23,negotiated,7,1.158,9,20,False
tx-780,health,88000,supplierA,24,open,3,1.1600000000000001,0,1,True
tx-781,education,88100,supplierB,25,restricted,4,1.162,1,2,False
tx-782,transport,88200,supplierC,26,direct,5,1.1640000000000001,2,3,False
tx-783,defense,88300,supplierD,27,negotiated,6,1.166,3,4,False
tx-784,infrastructure,88400,supplierE,28,open,7,1.1680000000000001,4,5,False
tx-785,health,88500,supplierA,29,restricted,3,1.17,5,6,False
tx-786,education,88600,supplierB,30,direct,4,1.1720000000000002,6,7,False
tx-787,transport,88700,supplierC,31,negotiated,5,1.174,7,8,False
tx-788,defense,88800,supplierD,32,open,6,1.1760000000000002,8,9,False
tx-789,infrastructure,88900,supplierE,33,restricted,7,1.178,9,10,False
tx-790,health,89000,supplierA,34,direct,3,1.1800000000000002,0,11,False
tx-791,education,89100,supplierB,35,negotiated,4,1.182,1,12,False
tx-792,transport,89200,supplierC,12,open,5,1.1840000000000002,2,13,False
tx-793,defense,89300,supplierD,13,restricted,6,1.186,3,14,False
tx-794,infrastructure,89400,supplierE,14,direct,7,1.1880000000000002,4,15,False
tx-795,health,89500,supplierA,15,negotiated,3,1.19,5,16,False
tx-796,education,89600,supplierB,16,open,4,1.1920000000000002,6,17,False
tx-797,transport,89700,supplierC,17,restricted,5,1.194,7,18,False
tx-798,defense,89800,supplierD,18,direct,6,1.1960000000000002,8,19,False
tx-799,infrastructure,89900,supplierE,19,negotiated,7,1.198,9,20,False
tx-800,health,90000,supplierA,20,open,3,0.8,0,1,True
tx-801,education,90100,supplierB,21,restricted,4,0.802,1,2,False
tx-802,transport,90200,supplierC,22,direct,5,0.804,2,3,False
tx-803,defense,90300,supplierD,23,negotiated,6,0.806,3,4,False
tx-804,infrastructure,90400,supplierE,24,open,7,0.808,4,5,False
tx-805,health,90500,supplierA,25,restricted,3,0.81,5,6,False
tx-806,education,90600,supplierB,26,direct,4,0.812,6,7,False
tx-807,transport,90700,supplierC,27,negotiated,5,0.8140000000000001,7,8,False
tx-808,defense,90800,supplierD,28,open,6,0.8160000000000001,8,9,False
tx-809,infrastructure,90900,supplierE,29,restricted,7,0.8180000000000001,9,10,False
tx-810,health,91000,supplierA,30,direct,3,0.8200000000000001,0,11,False
tx-811,education,91100,supplierB,31,negotiated,4,0.8220000000000001,1,12,False
tx-812,transport,91200,supplierC,32,open,5,0.8240000000000001,2,13,False
tx-813,defense,91300,supplierD,33,restricted,6,0.8260000000000001,3,14,False
tx-814,infrastructure,91400,supplierE,34,direct,7,0.8280000000000001,4,15,False
tx-815,health,91500,supplierA,35,negotiated,3,0.8300000000000001,5,16,False
tx-816,education,91600,supplierB,12,open,4,0.8320000000000001,6,17,False
tx-817,transport,91700,supplierC,13,restricted,5,0.8340000000000001,7,18,False
tx-818,defense,91800,supplierD,14,direct,6,0.8360000000000001,8,19,False
tx-819,infrastructure,91900,supplierE,15,negotiated,7,0.8380000000000001,9,20,False
tx-820,health,92000,supplierA,16,open,3,0.8400000000000001,0,1,True
tx-821,education,92100,supplierB,17,restricted,4,0.8420000000000001,1,2,False
tx-822,transport,92200,supplierC,18,direct,5,0.8440000000000001,2,3,False
tx-823,defense,92300,supplierD,19,negotiated,6,0.8460000000000001,3,4,False
tx-824,infrastructure,92400,supplierE,20,open,7,0.8480000000000001,4,5,False
tx-825,health,92500,supplierA,21,restricted,3,0.8500000000000001,5,6,False
tx-826,education,92600,supplierB,22,direct,4,0.8520000000000001,6,7,False
tx-827,transport,92700,supplierC,23,negotiated,5,0.8540000000000001,7,8,False
tx-828,defense,92800,supplierD,24,open,6,0.8560000000000001,8,9,False
tx-829,infrastructure,92900,supplierE,25,restricted,7,0.8580000000000001,9,10,False
tx-830,health,93000,supplierA,26,direct,3,0.8600000000000001,0,11,False
tx-831,education,93100,supplierB,27,negotiated,4,0.8620000000000001,1,12,False
tx-832,transport,93200,supplierC,28,open,5,0.8640000000000001,2,13,False
tx-833,defense,93300,supplierD,29,restricted,6,0.8659999999999999,3,14,False
tx-834,infrastructure,93400,supplierE,30,direct,7,0.8679999999999999,4,15,False
tx-835,health,93500,supplierA,31,negotiated,3,0.8699999999999999,5,16,False
tx-836,education,93600,supplierB,32,open,4,0.8719999999999999,6,17,False
tx-837,transport,93700,supplierC,33,restricted,5,0.8739999999999999,7,18,False
tx-838,defense,93800,supplierD,34,direct,6,0.8759999999999999,8,19,False
tx-839,infrastructure,93900,supplierE,35,negotiated,7,0.8779999999999999,9,20,False
tx-840,health,94000,supplierA,12,open,3,0.8799999999999999,0,1,True
tx-841,education,94100,supplierB,13,restricted,4,0.8819999999999999,1,2,False
tx-842,transport,94200,supplierC,14,direct,5,0.8839999999999999,2,3,False
tx-843,defense,94300,supplierD,15,negotiated,6,0.8859999999999999,3,4,False
tx-844,infrastructure,94400,supplierE,16,open,7,0.8879999999999999,4,5,False
tx-845,health,94500,supplierA,17,restricted,3,0.8899999999999999,5,6,False
tx-846,education,94600,supplierB,18,direct,4,0.8919999999999999,6,7,False
tx-847,transport,94700,supplierC,19,negotiated,5,0.8939999999999999,7,8,False
tx-848,defense,94800,supplierD,20,open,6,0.8959999999999999,8,9,False
tx-849,infrastructure,94900,supplierE,21,restricted,7,0.8979999999999999,9,10,False
tx-850,health,95000,supplierA,22,direct,3,0.8999999999999999,0,11,False
tx-851,education,95100,supplierB,23,negotiated,4,0.9019999999999999,1,12,False
tx-852,transport,95200,supplierC,24,open,5,0.9039999999999999,2,13,False
tx-853,defense,95300,supplierD,25,restricted,6,0.9059999999999999,3,14,False
tx-854,infrastructure,95400,supplierE,26,direct,7,0.9079999999999999,4,15,False
tx-855,health,95500,supplierA,27,negotiated,3,0.9099999999999999,5,16,False
tx-856,education,95600,supplierB,28,open,4,0.9119999999999999,6,17,False
tx-857,transport,95700,supplierC,29,restricted,5,0.9139999999999999,7,18,False
tx-858,defense,95800,supplierD,30,direct,6,0.9159999999999999,8,19,False
tx-859,infrastructure,95900,supplierE,31,negotiated,7,0.9179999999999999,9,20,False
tx-860,health,96000,supplierA,32,open,3,0.9199999999999999,0,1,True
tx-861,education,96100,supplierB,33,restricted,4,0.9219999999999999,1,2,False
tx-862,transport,96200,supplierC,34,direct,5,0.9239999999999999,2,3,False
tx-863,defense,96300,supplierD,35,negotiated,6,0.9259999999999999,3,4,False
tx-864,infrastructure,96400,supplierE,12,open,7,0.9279999999999999,4,5,False
tx-865,health,96500,supplierA,13,restricted,3,0.9299999999999999,5,6,False
tx-866,education,96600,supplierB,14,direct,4,0.9319999999999999,6,7,False
tx-867,transport,96700,supplierC,15,negotiated,5,0.9339999999999999,7,8,False
tx-868,defense,96800,supplierD,16,open,6,0.9359999999999999,8,9,False
tx-869,infrastructure,96900,supplierE,17,restricted,7,0.938,9,10,False
tx-870,health,97000,supplierA,18,direct,3,0.94,0,11,False
tx-871,education,97100,supplierB,19,negotiated,4,0.942,1,12,False
tx-872,transport,97200,supplierC,20,open,5,0.944,2,13,False
tx-873,defense,97300,supplierD,21,restricted,6,0.946,3,14,False
tx-874,infrastructure,97400,supplierE,22,direct,7,0.948,4,15,False
tx-875,health,97500,supplierA,23,negotiated,3,0.95,5,16,False
tx-876,education,97600,supplierB,24,open,4,0.952,6,17,False
tx-877,transport,97700,supplierC,25,restricted,5,0.954,7,18,False
tx-878,defense,97800,supplierD,26,direct,6,0.956,8,19,False
tx-879,infrastructure,97900,supplierE,27,negotiated,7,0.958,9,20,False
tx-880,health,98000,supplierA,28,open,3,0.96,0,1,True
tx-881,education,98100,supplierB,29,restricted,4,0.962,1,2,False
tx-882,transport,98200,supplierC,30,direct,5,0.964,2,3,False
tx-883,defense,98300,supplierD,31,negotiated,6,0.966,3,4,False
tx-884,infrastructure,98400,supplierE,32,open,7,0.968,4,5,False
tx-885,health,98500,supplierA,33,restricted,3,0.97,5,6,False
tx-886,education,98600,supplierB,34,direct,4,0.972,6,7,False
tx-887,transport,98700,supplierC,35,negotiated,5,0.974,7,8,False
tx-888,defense,98800,supplierD,12,open,6,0.976,8,9,False
tx-889,infrastructure,98900,supplierE,13,restricted,7,0.978,9,10,False
tx-890,health,99000,supplierA,14,direct,3,0.98,0,11,False
tx-891,education,99100,supplierB,15,negotiated,4,0.982,1,12,False
tx-892,transport,99200,supplierC,16,open,5,0.984,2,13,False
tx-893,defense,99300,supplierD,17,restricted,6,0.986,3,14,False
tx-894,infrastructure,99400,supplierE,18,direct,7,0.988,4,15,False
tx-895,health,99500,supplierA,19,negotiated,3,0.99,5,16,False
tx-896,education,99600,supplierB,20,open,4,0.992,6,17,False
tx-897,transport,99700,supplierC,21,restricted,5,0.994,7,18,False
tx-898,defense,99800,supplierD,22,direct,6,0.996,8,19,False
tx-899,infrastructure,99900,supplierE,23,negotiated,7,0.998,9,20,False
tx-900,health,100000,supplierA,24,open,3,1.0,0,1,True
tx-901,education,100100,supplierB,25,restricted,4,1.002,1,2,False
tx-902,transport,100200,supplierC,26,direct,5,1.004,2,3,False
tx-903,defense,100300,supplierD,27,negotiated,6,1.006,3,4,False
tx-904,infrastructure,100400,supplierE,28,open,7,1.008,4,5,False
tx-905,health,100500,supplierA,29,restricted,3,1.01,5,6,False
tx-906,education,100600,supplierB,30,direct,4,1.012,6,7,False
tx-907,transport,100700,supplierC,31,negotiated,5,1.014,7,8,False
tx-908,defense,100800,supplierD,32,open,6,1.016,8,9,False
tx-909,infrastructure,100900,supplierE,33,restricted,7,1.018,9,10,False
tx-910,health,101000,supplierA,34,direct,3,1.02,0,11,False
tx-911,education,101100,supplierB,35,negotiated,4,1.022,1,12,False
tx-912,transport,101200,supplierC,12,open,5,1.024,2,13,False
tx-913,defense,101300,supplierD,13,restricted,6,1.026,3,14,False
tx-914,infrastructure,101400,supplierE,14,direct,7,1.028,4,15,False
tx-915,health,101500,supplierA,15,negotiated,3,1.03,5,16,False
tx-916,education,101600,supplierB,16,open,4,1.032,6,17,False
tx-917,transport,101700,supplierC,17,restricted,5,1.034,7,18,False
tx-918,defense,101800,supplierD,18,direct,6,1.036,8,19,False
tx-919,infrastructure,101900,supplierE,19,negotiated,7,1.038,9,20,False
tx-920,health,102000,supplierA,20,open,3,1.04,0,1,True
tx-921,education,102100,supplierB,21,restricted,4,1.042,1,2,False
tx-922,transport,102200,supplierC,22,direct,5,1.044,2,3,False
tx-923,defense,102300,supplierD,23,negotiated,6,1.046,3,4,False
tx-924,infrastructure,102400,supplierE,24,open,7,1.048,4,5,False
tx-925,health,102500,supplierA,25,restricted,3,1.05,5,6,False
tx-926,education,102600,supplierB,26,direct,4,1.052,6,7,False
tx-927,transport,102700,supplierC,27,negotiated,5,1.054,7,8,False
tx-928,defense,102800,supplierD,28,open,6,1.056,8,9,False
tx-929,infrastructure,102900,supplierE,29,restricted,7,1.058,9,10,False
tx-930,health,103000,supplierA,30,direct,3,1.06,0,11,False
tx-931,education,103100,supplierB,31,negotiated,4,1.062,1,12,False
tx-932,transport,103200,supplierC,32,open,5,1.064,2,13,False
tx-933,defense,103300,supplierD,33,restricted,6,1.066,3,14,False
tx-934,infrastructure,103400,supplierE,34,direct,7,1.068,4,15,False
tx-935,health,103500,supplierA,35,negotiated,3,1.07,5,16,False
tx-936,education,103600,supplierB,12,open,4,1.072,6,17,False
tx-937,transport,103700,supplierC,13,restricted,5,1.074,7,18,False
tx-938,defense,103800,supplierD,14,direct,6,1.076,8,19,False
tx-939,infrastructure,103900,supplierE,15,negotiated,7,1.078,9,20,False
tx-940,health,104000,supplierA,16,open,3,1.08,0,1,True
tx-941,education,104100,supplierB,17,restricted,4,1.082,1,2,False
tx-942,transport,104200,supplierC,18,direct,5,1.084,2,3,False
tx-943,defense,104300,supplierD,19,negotiated,6,1.086,3,4,False
tx-944,infrastructure,104400,supplierE,20,open,7,1.088,4,5,False
tx-945,health,104500,supplierA,21,restricted,3,1.09,5,6,False
tx-946,education,104600,supplierB,22,direct,4,1.092,6,7,False
tx-947,transport,104700,supplierC,23,negotiated,5,1.094,7,8,False
tx-948,defense,104800,supplierD,24,open,6,1.096,8,9,False
tx-949,infrastructure,104900,supplierE,25,restricted,7,1.098,9,10,False
tx-950,health,105000,supplierA,26,direct,3,1.1,0,11,False
tx-951,education,105100,supplierB,27,negotiated,4,1.102,1,12,False
tx-952,transport,105200,supplierC,28,open,5,1.104,2,13,False
tx-953,defense,105300,supplierD,29,restricted,6,1.106,3,14,False
tx-954,infrastructure,105400,supplierE,30,direct,7,1.108,4,15,False
tx-955,health,105500,supplierA,31,negotiated,3,1.11,5,16,False
tx-956,education,105600,supplierB,32,open,4,1.112,6,17,False
tx-957,transport,105700,supplierC,33,restricted,5,1.114,7,18,False
tx-958,defense,105800,supplierD,34,direct,6,1.116,8,19,False
tx-959,infrastructure,105900,supplierE,35,negotiated,7,1.118,9,20,False
tx-960,health,106000,supplierA,12,open,3,1.1199999999999999,0,1,True
tx-961,education,106100,supplierB,13,restricted,4,1.1219999999999999,1,2,False
tx-962,transport,106200,supplierC,14,direct,5,1.1239999999999999,2,3,False
tx-963,defense,106300,supplierD,15,negotiated,6,1.126,3,4,False
tx-964,infrastructure,106400,supplierE,16,open,7,1.128,4,5,False
tx-965,health,106500,supplierA,17,restricted,3,1.13,5,6,False
tx-966,education,106600,supplierB,18,direct,4,1.132,6,7,False
tx-967,transport,106700,supplierC,19,negotiated,5,1.134,7,8,False
tx-968,defense,106800,supplierD,20,open,6,1.136,8,9,False
tx-969,infrastructure,106900,supplierE,21,restricted,7,1.138,9,10,False
tx-970,health,107000,supplierA,22,direct,3,1.14,0,11,False
tx-971,education,107100,supplierB,23,negotiated,4,1.142,1,12,False
tx-972,transport,107200,supplierC,24,open,5,1.144,2,13,False
tx-973,defense,107300,supplierD,25,restricted,6,1.146,3,14,False
tx-974,infrastructure,107400,supplierE,26,direct,7,1.148,4,15,False
tx-975,health,107500,supplierA,27,negotiated,3,1.15,5,16,False
tx-976,education,107600,supplierB,28,open,4,1.152,6,17,False
tx-977,transport,107700,supplierC,29,restricted,5,1.154,7,18,False
tx-978,defense,107800,supplierD,30,direct,6,1.156,8,19,False
tx-979,infrastructure,107900,supplierE,31,negotiated,7,1.158,9,20,False
tx-980,health,108000,supplierA,32,open,3,1.16,0,1,True
tx-981,education,108100,supplierB,33,restricted,4,1.162,1,2,False
tx-982,transport,108200,supplierC,34,direct,5,1.164,2,3,False
tx-983,defense,108300,supplierD,35,negotiated,6,1.166,3,4,False
tx-984,infrastructure,108400,supplierE,12,open,7,1.168,4,5,False
tx-985,health,108500,supplierA,13,restricted,3,1.17,5,6,False
tx-986,education,108600,supplierB,14,direct,4,1.172,6,7,False
tx-987,transport,108700,supplierC,15,negotiated,5,1.174,7,8,False
tx-988,defense,108800,supplierD,16,open,6,1.176,8,9,False
tx-989,infrastructure,108900,supplierE,17,restricted,7,1.178,9,10,False
tx-990,health,109000,supplierA,18,direct,3,1.18,0,11,False
tx-991,education,109100,supplierB,19,negotiated,4,1.182,1,12,False
tx-992,transport,109200,supplierC,20,open,5,1.184,2,13,False
tx-993,defense,109300,supplierD,21,restricted,6,1.186,3,14,False
tx-994,infrastructure,109400,supplierE,22,direct,7,1.188,4,15,False
tx-995,health,109500,supplierA,23,negotiated,3,1.19,5,16,False
tx-996,education,109600,supplierB,24,open,4,1.192,6,17,False
tx-997,transport,109700,supplierC,25,restricted,5,1.194,7,18,False
tx-998,defense,109800,supplierD,26,direct,6,1.196,8,19,False
tx-999,infrastructure,109900,supplierE,27,negotiated,7,1.198,9,20,False
